label,run_id,experiment_id,run_name,start_time,note,classifier_type,task,data_path,annotations_path,model_path,num_samples,unique_codes,embedding_dim,batch_size,lr,num_epochs,eval_data_path,max_level,n_attention_layers,eval_level1_top-1,eval_level1_top-5,eval_level2_top-1,eval_level2_top-5,eval_level3_top-1,eval_level3_top-5,eval_level4_top-1,eval_level4_top-5,epoch,val_accuracy,train_samples,val_samples,ft_train_samples,ft_val_samples,ft_dropped_samples
flat_pretrained,46e66d62712a4ca384e3a8940835b69d,9,beautiful-newt-275,2026-04-09,"exp 9 ttc-basic, 1.6M scanner+synthetic",basic,,s3://projet-budget-famille/data/training/ddc-training-dataset-9899.parquet,,,1595831,316,128,512,0.001,100,raw_test_without_regex.parquet,,,0.5888842340455244,0.800446864962994,0.535859649122807,0.736,0.47486204782342123,0.677498467198038,0.4378698224852071,0.6239316239316239,12.0,0.8304430246353149,1276664.0,319167.0,,,
flat_finetuned_prod,cacf2603514b4887bbfb77e2654c9bc1,10,honorable-toad-661,2026-04-09,"exp 10 ttc-finetune-basic, production model",basic,fine-tuning,raw_train_processed.parquet,,/home/onyxia/basic/basic_model/,107063,287,,,0.0001,500,raw_test_without_regex.parquet,,,0.8427593911464879,0.9398128752967463,0.8247017543859649,0.9184561403508772,0.7816837658418829,0.912190706095353,0.7576493443419136,0.9166261939452809,92.0,0.9248806238174438,,,85461.0,21366.0,236.0
flat_pretrained_rawtest,b3601a1900494bcb8addb0a66b6af63f,9,mercurial-panda-47,2026-03-26,"exp 9, 1.53M, eval raw_test",basic,,s3://projet-budget-famille/data/training/training_dataset.parquet,,,1528519,298,64,512,0.001,50,raw_test.parquet,,,0.5768836494105587,0.776652998462327,0.536491182906423,0.7267344574591325,0.4747264921755989,0.6837003185154411,0.45573922447087906,0.6573458983469798,14.0,0.8238295912742615,1222815.0,305704.0,,,
flat_finetuned_rawtest,24bcffe175bd49f096c621d91ceacbd6,10,legendary-newt-180,2026-03-31,"exp 10, eval raw_test",basic,fine-tuning,raw_train_processed.parquet,,/tmp/tmp9ne8b7g_/model,106309,269,,,0.0001,500,raw_test.parquet,,,0.7807534597642235,0.8621219887237315,0.7640304476841698,0.8477615791510773,0.7436075597554197,0.8707615341856587,0.7423865755127408,0.9100372902423866,499.0,0.9260652661323547,,,85047.0,21262.0,0.0
flat_ddc_only,7e1e4998a7b44a70b182b41ab3629edb,9,big-mare-19,2026-03-26,"exp 9, DDC only 221k",basic,,s3://projet-budget-famille/data/ddc_raw/training_dataset_ddc.parquet,,,221555,298,128,512,0.001,50,raw_test.parquet,,,0.6073808303434136,0.7958739108149667,0.5742051744111212,0.7490024456171965,0.5022850020772747,0.7043345796981028,0.45264946701683917,0.6761934188166229,15.0,0.7995982766151428,177244.0,44311.0,,,
flat_ddc_synth_gtin,5ea0476e40364e1a993536918d20c086,9,gifted-worm-758,2026-03-27,"exp 9, DDC+synthetic+GTIN 2.49M",basic,,s3://projet-budget-famille/data/training/training_synthetic_gtin_full.parquet,,,2492536,300,128,512,0.001,50,raw_test.parquet,,,0.6053305996924654,0.779087647360328,0.558766610759902,0.7328086698490517,0.504307948860478,0.703307392996109,0.4853946550652579,0.6855189558732132,10.0,0.6884002089500427,1994028.0,498508.0,,,
pilot_ft_1_epoch,afadee02ec6f426bbcb1e3308e80316f,10,hilarious-goose-4,2026-03-22,"exp 10, 1 epoch",basic,fine-tuning,annotations_finetune_val.parquet,,,14364,240,,,0.0001,1,annotations_finetune.parquet,,,0.7280579548620786,0.8952354416271942,0.6837559208693229,0.8450821955976595,0.5589300640847032,0.7673446642518807,0.4739481749791028,0.6893285037614935,0.0,0.47058823704719543,,,11491.0,2873.0,0.0
pilot_ft_100_epochs,217dc97962ad4cc08476d8acbc910b93,10,placid-deer-405,2026-03-22,"exp 10, 100 epochs, eval annotations_clean",basic,fine-tuning,annotations_finetune_val.parquet,,,14364,240,,,0.0001,100,annotations_clean.parquet,,,0.8623402682437428,0.9578624986799028,0.8386225165562914,0.9346754966887417,0.7707348517404383,0.9059948431456811,0.7385781145531536,0.8890127033652775,99.0,0.672467827796936,,,11491.0,2873.0,0.0
pilot_ft_early_stopped,047422ca72174554a2e5f6c88635b6d2,10,kindly-bass-422,2026-03-22,"exp 10, early stopped (219 epochs)",basic,fine-tuning,annotations_finetune_val.parquet,,,14364,240,,,0.0001,500,annotations_finetune.parquet,,,0.9451100585121204,0.9871830593480078,0.9328503761493452,0.9810532181666203,0.8960713290610198,0.9651713569239343,0.8735023683477292,0.9565338534410699,219.0,0.7438217997550964,,,11491.0,2873.0,0.0
pilot_pretrained,58b213d98d8b415e9a51cbb8d9b39647,9,nervous-croc-987,2026-03-22,"exp 9, 1.53M, eval annotations_finetune",basic,,s3://projet-budget-famille/data/training/training_dataset.parquet,,,1528519,298,128,512,0.001,50,annotations_finetune.parquet,,,0.6968514906659237,0.893563666759543,0.6405684034550014,0.8434104207300084,0.5316244079130678,0.7567567567567568,0.47534132070214546,0.6845918083031485,12.0,0.8264105319976807,1222815.0,305704.0,,,
