group,N,level,metric,april,september,diff_points,ci95_low,ci95_high,only_april_right,only_september_right,mcnemar_p
all,14695,1,top1,86.48,84.55,-1.93,-2.41,-1.47,797,513,4.179697385762001e-15
all,14695,1,top5,94.53,94.22,-0.31,-0.63,0.01,318,272,0.06384538782296478
all,14695,2,top1,84.89,82.69,-2.2,-2.66,-1.71,804,481,1.7143518781171296e-19
all,14695,2,top5,92.77,92.22,-0.56,-0.92,-0.2,384,302,0.00196264303230425
all,14695,3,top1,79.09,77.14,-1.95,-2.47,-1.43,895,609,1.6967832990421217e-13
all,14695,3,top5,89.85,89.15,-0.7,-1.07,-0.32,461,358,0.00035911780085482934
all,14695,4,top1,71.75,70.12,-1.63,-2.12,-1.14,823,584,2.01907805225818e-10
all,14695,4,top5,84.5,83.91,-0.6,-0.99,-0.2,484,396,0.0033366838038516636
true code in both label spaces,13750,1,top1,88.09,86.1,-1.99,-2.47,-1.51,710,436,5.374882822388801e-16
true code in both label spaces,13750,1,top5,95.77,95.3,-0.47,-0.79,-0.14,283,219,0.004876672779627532
true code in both label spaces,13750,2,top1,86.49,84.23,-2.26,-2.73,-1.77,718,407,1.380168697922305e-20
true code in both label spaces,13750,2,top5,94.09,93.42,-0.68,-1.03,-0.33,347,254,0.00017016874850014178
true code in both label spaces,13750,3,top1,81.14,79.11,-2.04,-2.57,-1.52,821,541,3.2925307723808605e-14
true code in both label spaces,13750,3,top5,92.1,91.03,-1.07,-1.48,-0.68,440,293,6.29894596114315e-08
true code in both label spaces,13750,4,top1,76.68,74.67,-2.01,-2.52,-1.51,823,547,9.015640821944239e-14
true code in both label spaces,13750,4,top5,90.31,89.22,-1.09,-1.48,-0.68,484,334,1.7537755664917195e-07
excluding technical codes 98/99,13961,1,top1,89.41,87.31,-2.1,-2.57,-1.63,715,422,3.0980199992561545e-18
excluding technical codes 98/99,13961,1,top5,97.06,96.41,-0.64,-0.92,-0.37,254,164,1.2483330862985842e-05
excluding technical codes 98/99,13961,2,top1,88.07,85.54,-2.54,-3.0,-2.08,759,405,1.8493606996282795e-25
excluding technical codes 98/99,13961,2,top5,95.62,94.8,-0.82,-1.13,-0.49,315,200,4.570991593352052e-07
excluding technical codes 98/99,13961,3,top1,82.31,80.05,-2.26,-2.8,-1.75,860,545,4.0286570043518805e-17
excluding technical codes 98/99,13961,3,top5,93.07,91.92,-1.15,-1.5,-0.8,410,249,3.7716064638253e-10
excluding technical codes 98/99,13961,4,top1,74.59,72.7,-1.88,-2.4,-1.38,788,525,4.034838479956334e-13
excluding technical codes 98/99,13961,4,top5,87.45,86.42,-1.03,-1.42,-0.66,433,289,9.349432221828733e-08
technical codes 98/99 only,734,1,top1,30.65,31.88,1.23,-2.32,4.77,82,91,0.5431598394773466
technical codes 98/99 only,734,1,top5,46.46,52.45,5.99,2.59,9.4,64,108,0.0009857426331598485
technical codes 98/99 only,734,2,top1,24.39,28.61,4.22,1.23,7.22,45,76,0.006150808149995359
technical codes 98/99 only,734,2,top5,38.56,43.05,4.5,1.09,8.04,69,102,0.014162270035590637
technical codes 98/99 only,734,3,top1,17.85,21.8,3.95,1.36,6.54,35,64,0.004640654088434307
technical codes 98/99 only,734,3,top5,28.61,36.51,7.9,4.5,11.31,51,109,5.269038743016476e-06
technical codes 98/99 only,734,4,top1,17.71,20.98,3.27,0.68,5.86,35,59,0.01720959558593046
technical codes 98/99 only,734,4,top5,28.47,36.1,7.63,4.22,11.17,51,107,9.8977232544417e-06
channel: tickets_appli,1984,1,top1,86.09,83.17,-2.92,-4.23,-1.66,116,58,1.305194857418482e-05
channel: tickets_appli,1984,1,top5,93.15,93.7,0.55,-0.45,1.56,47,58,0.3291371261661389
channel: tickets_appli,1984,2,top1,84.32,81.1,-3.23,-4.49,-2.01,113,49,5.355180696349825e-07
channel: tickets_appli,1984,2,top5,91.08,90.57,-0.5,-1.51,0.5,56,46,0.37294366808362966
channel: tickets_appli,1984,3,top1,75.1,74.04,-1.06,-2.47,0.4,119,98,0.17442351224521427
channel: tickets_appli,1984,3,top5,87.6,86.95,-0.66,-1.66,0.4,64,51,0.26305395754293526
channel: tickets_appli,1984,4,top1,68.8,67.34,-1.46,-2.92,-0.1,125,96,0.05938929530167107
channel: tickets_appli,1984,4,top5,83.92,83.47,-0.45,-1.56,0.66,75,66,0.500629264525242
channel: tickets_papier,1980,1,top1,87.27,86.21,-1.06,-2.22,0.1,86,65,0.10330013644772956
channel: tickets_papier,1980,1,top5,93.74,94.29,0.56,-0.25,1.41,31,42,0.24164472314075197
channel: tickets_papier,1980,2,top1,85.35,84.44,-0.91,-2.07,0.25,80,62,0.15344375016434325
channel: tickets_papier,1980,2,top5,91.87,93.23,1.36,0.45,2.32,31,58,0.005544959035344678
channel: tickets_papier,1980,3,top1,76.82,75.45,-1.36,-2.73,0.05,122,95,0.07732325962365394
channel: tickets_papier,1980,3,top5,88.74,90.05,1.31,0.2,2.47,53,79,0.029171626999401616
channel: tickets_papier,1980,4,top1,69.65,68.84,-0.81,-2.27,0.66,121,105,0.3183853694138851
channel: tickets_papier,1980,4,top5,85.66,86.67,1.01,-0.2,2.22,66,86,0.1230091063153476
channel: carnets_papier,10731,1,top1,86.4,84.49,-1.91,-2.5,-1.34,595,390,6.890427934246589e-11
channel: carnets_papier,10731,1,top5,94.93,94.3,-0.63,-1.02,-0.27,240,172,0.0009412490715855071
channel: carnets_papier,10731,2,top1,84.91,82.67,-2.25,-2.8,-1.69,611,370,1.3499073824314241e-14
channel: carnets_papier,10731,2,top5,93.25,92.33,-0.92,-1.35,-0.54,297,198,9.933520901782687e-06
channel: carnets_papier,10731,3,top1,80.24,78.03,-2.22,-2.78,-1.6,654,416,3.467148102285233e-13
channel: carnets_papier,10731,3,top5,90.48,89.4,-1.08,-1.52,-0.64,344,228,1.4062372099833563e-06
channel: carnets_papier,10731,4,top1,72.68,70.87,-1.81,-2.36,-1.24,577,383,4.109992820194615e-10
channel: carnets_papier,10731,4,top5,84.4,83.48,-0.92,-1.38,-0.5,343,244,5.039149732828538e-05
text seen in training set,7001,1,top1,93.57,92.56,-1.01,-1.54,-0.46,229,158,0.00036062067547035535
text seen in training set,7001,1,top5,98.67,98.63,-0.04,-0.27,0.19,35,32,0.807194691367025
text seen in training set,7001,2,top1,92.9,91.6,-1.3,-1.89,-0.76,244,153,5.740780200583276e-06
text seen in training set,7001,2,top5,97.87,98.09,0.21,-0.07,0.5,46,61,0.17564027334487997
text seen in training set,7001,3,top1,89.29,88.1,-1.19,-1.8,-0.6,267,184,0.00010826845426278235
text seen in training set,7001,3,top5,96.36,96.49,0.13,-0.21,0.46,66,75,0.500629264525242
text seen in training set,7001,4,top1,81.79,80.83,-0.96,-1.49,-0.44,215,148,0.0005147618770812118
text seen in training set,7001,4,top5,91.0,91.04,0.04,-0.33,0.4,77,80,0.8732481392970024
new text,7694,1,top1,80.02,77.26,-2.77,-3.54,-1.98,568,355,2.405428484426379e-12
new text,7694,1,top5,90.76,90.2,-0.56,-1.17,0.04,283,240,0.06617636517028692
new text,7694,2,top1,77.61,74.59,-3.02,-3.77,-2.22,560,328,6.3938586221325336e-15
new text,7694,2,top5,88.13,86.87,-1.26,-1.9,-0.69,338,241,6.380564226108873e-05
new text,7694,3,top1,69.81,67.17,-2.64,-3.46,-1.78,628,425,4.2701775348582207e-10
new text,7694,3,top5,83.94,82.48,-1.46,-2.11,-0.77,395,283,1.9371426691872283e-05
new text,7694,4,top1,62.61,60.37,-2.24,-3.08,-1.39,608,436,1.1339251210657378e-07
new text,7694,4,top5,78.59,77.41,-1.18,-1.88,-0.51,407,316,0.0008049285994815565
