model,source,source_name,N,L1_top1,L1_top5,L2_top1,L2_top5,L3_top1,L3_top5,L4_top1,L4_top5
stage1_only,tickets_appli,Receipts scanned in the app,1984,75.66,90.73,73.34,87.4,64.16,80.95,57.81,73.99
stage1_only,tickets_papier,Paper receipts,1980,77.22,90.35,75.81,88.13,66.82,82.78,60.4,75.51
stage1_only,carnets_papier,Paper diaries,10731,64.8,83.72,60.12,78.73,50.55,71.18,44.32,61.37
stage1_only,receipts,Receipts (app + paper),3964,76.44,90.54,74.57,87.76,65.49,81.86,59.11,74.75
stage1_only,all,All,14695,67.94,85.56,64.01,81.16,54.58,74.06,48.31,64.98
pilot_only,tickets_appli,Receipts scanned in the app,1984,79.39,89.62,76.86,85.84,66.03,79.49,60.89,75.0
pilot_only,tickets_papier,Paper receipts,1980,80.96,92.37,79.49,89.7,67.12,82.88,61.67,77.32
pilot_only,carnets_papier,Paper diaries,10731,83.7,92.94,82.14,90.46,75.91,86.61,70.26,82.97
pilot_only,receipts,Receipts (app + paper),3964,80.17,90.99,78.18,87.76,66.57,81.18,61.28,76.16
pilot_only,all,All,14695,82.75,92.41,81.07,89.73,73.39,85.14,67.84,81.14
stage1_stage2,tickets_appli,Receipts scanned in the app,1984,84.93,94.51,83.17,92.39,75.71,88.21,70.11,84.98
stage1_stage2,tickets_papier,Paper receipts,1980,87.12,95.35,85.45,93.79,78.08,90.66,71.92,87.17
stage1_stage2,carnets_papier,Paper diaries,10731,83.29,94.46,81.41,92.31,76.5,89.16,69.24,82.34
stage1_stage2,receipts,Receipts (app + paper),3964,86.02,94.93,84.31,93.09,76.89,89.43,71.01,86.07
stage1_stage2,all,All,14695,84.03,94.58,82.19,92.52,76.6,89.23,69.72,83.35
