model,source,text,N,L1_top1,L1_top5,L2_top1,L2_top5,L3_top1,L3_top5,L4_top1,L4_top5
stage1_only,all,text seen in the pilot,5405,69.34,87.64,66.05,84.61,56.58,77.48,50.29,67.77
stage1_only,tickets_appli,text seen in the pilot,103,67.96,94.17,66.99,93.2,54.37,82.52,47.57,74.76
stage1_only,tickets_papier,text seen in the pilot,118,62.71,88.98,61.86,88.14,54.24,82.2,48.31,75.42
stage1_only,carnets_papier,text seen in the pilot,5184,69.52,87.48,66.13,84.36,56.67,77.28,50.39,67.46
stage1_only,all,new text,9290,67.13,84.35,62.83,79.16,53.41,72.07,47.16,63.36
stage1_only,tickets_appli,new text,1881,76.08,90.54,73.68,87.08,64.7,80.86,58.37,73.95
stage1_only,tickets_papier,new text,1862,78.14,90.44,76.69,88.13,67.62,82.81,61.17,75.51
stage1_only,carnets_papier,new text,5547,60.39,80.21,54.5,73.46,44.82,65.48,38.65,55.69
pilot_only,all,text seen in the pilot,5405,95.56,98.83,94.97,98.43,91.6,96.84,87.16,94.71
pilot_only,tickets_appli,text seen in the pilot,103,96.12,98.06,96.12,98.06,95.15,98.06,92.23,97.09
pilot_only,tickets_papier,text seen in the pilot,118,92.37,100.0,92.37,98.31,89.83,96.61,84.75,94.07
pilot_only,carnets_papier,text seen in the pilot,5184,95.62,98.82,95.0,98.44,91.57,96.82,87.11,94.68
pilot_only,all,new text,9290,75.3,88.68,72.98,84.67,62.8,78.34,56.6,73.24
pilot_only,tickets_appli,new text,1881,78.47,89.15,75.81,85.17,64.43,78.47,59.17,73.79
pilot_only,tickets_papier,new text,1862,80.24,91.89,78.68,89.15,65.68,82.01,60.2,76.26
pilot_only,carnets_papier,new text,5547,72.56,87.43,70.11,83.0,61.28,77.07,54.52,72.04
stage1_stage2,all,text seen in the pilot,5405,91.51,97.96,91.06,97.41,88.34,95.91,80.59,88.97
stage1_stage2,tickets_appli,text seen in the pilot,103,96.12,99.03,96.12,98.06,95.15,98.06,91.26,97.09
stage1_stage2,tickets_papier,text seen in the pilot,118,94.92,99.15,94.92,98.31,93.22,97.46,87.29,94.92
stage1_stage2,carnets_papier,text seen in the pilot,5184,91.34,97.92,90.88,97.38,88.1,95.83,80.23,88.68
stage1_stage2,all,new text,9290,79.68,92.62,77.03,89.68,69.77,85.35,63.39,80.08
stage1_stage2,tickets_appli,new text,1881,84.32,94.26,82.46,92.08,74.64,87.67,68.95,84.32
stage1_stage2,tickets_papier,new text,1862,86.63,95.11,84.85,93.5,77.12,90.23,70.95,86.68
stage1_stage2,carnets_papier,new text,5547,75.77,91.22,72.56,87.58,65.66,82.93,58.97,76.42
